{
  "Train Accuracy": [
    0.5,
    0.4714285714285714
  ],
  "Test Accuracy": [
    0.5666666666666667,
    0.6
  ],
  "Final Loss": [
    0.34476802372257664,
    0.3652682769239998
  ],
  "Layers": [
    2,
    3
  ],
  "Parameters": [
    81,
    32
  ],
  "Total Adaptations": [
    1,
    0
  ]
}