{
  "Train Accuracy": [
    0.6,
    0.5285714285714286
  ],
  "Test Accuracy": [
    0.5333333333333333,
    0.4666666666666667
  ],
  "Final Loss": [
    0.279115322983613,
    0.30239055635480117
  ],
  "Layers": [
    1,
    3
  ],
  "Parameters": [
    4,
    8
  ],
  "Total Adaptations": [
    0,
    0
  ]
}